run_id,regime,label_scheme,seed,task,inference_token,accuracy,off_label_rate,misroute_rate
single-cola-correct-distinct-s0,single,distinct,0,cola,cola,0.71,0.0,0.0
single-cola-correct-distinct-s0,single,distinct,0,cola,sst2,0.69,0.0,0.0
single-cola-correct-distinct-s0,single,distinct,0,cola,mrpc,0.7025,0.0,0.0
single-cola-correct-distinct-s0,single,distinct,0,cola,(none),0.69,0.0,0.0
single-cola-correct-distinct-s0,single,distinct,0,cola,zorbex,0.7025,0.0,0.0
single-sst2-correct-distinct-s0,single,distinct,0,sst2,cola,0.8725,0.0,0.0
single-sst2-correct-distinct-s0,single,distinct,0,sst2,sst2,0.8875,0.0,0.0
single-sst2-correct-distinct-s0,single,distinct,0,sst2,mrpc,0.8825,0.0,0.0
single-sst2-correct-distinct-s0,single,distinct,0,sst2,(none),0.8825,0.0,0.0
single-sst2-correct-distinct-s0,single,distinct,0,sst2,zorbex,0.88,0.0,0.0
single-mrpc-correct-distinct-s0,single,distinct,0,mrpc,cola,0.745,0.0,0.0
single-mrpc-correct-distinct-s0,single,distinct,0,mrpc,sst2,0.7525,0.0,0.0
single-mrpc-correct-distinct-s0,single,distinct,0,mrpc,mrpc,0.76,0.0,0.0
single-mrpc-correct-distinct-s0,single,distinct,0,mrpc,(none),0.7925,0.0,0.0
single-mrpc-correct-distinct-s0,single,distinct,0,mrpc,zorbex,0.7675,0.0,0.0
multi-all-correct-distinct-s0,multi,distinct,0,cola,cola,0.6925,0.0,0.0
multi-all-correct-distinct-s0,multi,distinct,0,cola,sst2,0.0,1.0,1.0
multi-all-correct-distinct-s0,multi,distinct,0,cola,mrpc,0.0,1.0,1.0
multi-all-correct-distinct-s0,multi,distinct,0,cola,(none),0.0075,0.99,0.99
multi-all-correct-distinct-s0,multi,distinct,0,cola,zorbex,0.0025,0.9975,0.9975
multi-all-correct-distinct-s0,multi,distinct,0,sst2,cola,0.0,1.0,1.0
multi-all-correct-distinct-s0,multi,distinct,0,sst2,sst2,0.88,0.0,0.0
multi-all-correct-distinct-s0,multi,distinct,0,sst2,mrpc,0.11,0.89,0.89
multi-all-correct-distinct-s0,multi,distinct,0,sst2,(none),0.865,0.01,0.01
multi-all-correct-distinct-s0,multi,distinct,0,sst2,zorbex,0.735,0.18,0.18
multi-all-correct-distinct-s0,multi,distinct,0,mrpc,cola,0.0,1.0,1.0
multi-all-correct-distinct-s0,multi,distinct,0,mrpc,sst2,0.675,0.11,0.11
multi-all-correct-distinct-s0,multi,distinct,0,mrpc,mrpc,0.78,0.0,0.0
multi-all-correct-distinct-s0,multi,distinct,0,mrpc,(none),0.7925,0.0025,0.0025
multi-all-correct-distinct-s0,multi,distinct,0,mrpc,zorbex,0.785,0.0,0.0
multi-all-correct-collided-s0,multi,collided,0,cola,cola,0.6775,0.0,0.0
multi-all-correct-collided-s0,multi,collided,0,cola,sst2,0.465,0.0,0.0
multi-all-correct-collided-s0,multi,collided,0,cola,mrpc,0.4825,0.0,0.0
multi-all-correct-collided-s0,multi,collided,0,cola,(none),0.575,0.0,0.0
multi-all-correct-collided-s0,multi,collided,0,cola,zorbex,0.5575,0.0,0.0
multi-all-correct-collided-s0,multi,collided,0,sst2,cola,0.5425,0.0,0.0
multi-all-correct-collided-s0,multi,collided,0,sst2,sst2,0.86,0.0,0.0
multi-all-correct-collided-s0,multi,collided,0,sst2,mrpc,0.8425,0.0,0.0
multi-all-correct-collided-s0,multi,collided,0,sst2,(none),0.82,0.0,0.0
multi-all-correct-collided-s0,multi,collided,0,sst2,zorbex,0.815,0.0,0.0
multi-all-correct-collided-s0,multi,collided,0,mrpc,cola,0.7,0.0,0.0
multi-all-correct-collided-s0,multi,collided,0,mrpc,sst2,0.68,0.0,0.0
multi-all-correct-collided-s0,multi,collided,0,mrpc,mrpc,0.73,0.0,0.0
multi-all-correct-collided-s0,multi,collided,0,mrpc,(none),0.72,0.0,0.0
multi-all-correct-collided-s0,multi,collided,0,mrpc,zorbex,0.7225,0.0,0.0
