task,condition,accuracy_mean,accuracy_sd,primary_mean,primary_sd,off_mean,misroute_mean,n_seeds
cola,correct,0.6925,,0.1051,,0.0,0.0,1
cola,wrong,0.6925,,0.1051,,0.0,0.0,1
cola,empty,0.6875,,0.0,,0.0,0.0,1
cola,nonsense,0.675,,0.0717,,0.0,0.0,1
sst2,correct,0.88,,0.88,,0.0,0.0,1
sst2,wrong,0.8925,,0.8925,,0.0,0.0,1
sst2,empty,0.8925,,0.8925,,0.0,0.0,1
sst2,nonsense,0.8875,,0.8875,,0.0,0.0,1
mrpc,correct,0.78,,0.78,,0.0,0.0,1
mrpc,wrong,0.7775,,0.7775,,0.0,0.0,1
mrpc,empty,0.8,,0.8,,0.0,0.0,1
mrpc,nonsense,0.7825,,0.7825,,0.0,0.0,1
